-- phpMyAdmin SQL Dump
-- version 5.2.1
-- https://www.phpmyadmin.net/
--
-- Host: localhost:3306
-- Generation Time: Jul 14, 2025 at 04:37 PM
-- Server version: 5.7.23-23
-- PHP Version: 8.1.32

SET SQL_MODE = "NO_AUTO_VALUE_ON_ZERO";
START TRANSACTION;
SET time_zone = "+00:00";


/*!40101 SET @OLD_CHARACTER_SET_CLIENT=@@CHARACTER_SET_CLIENT */;
/*!40101 SET @OLD_CHARACTER_SET_RESULTS=@@CHARACTER_SET_RESULTS */;
/*!40101 SET @OLD_COLLATION_CONNECTION=@@COLLATION_CONNECTION */;
/*!40101 SET NAMES utf8mb4 */;

--
-- Database: `bizpr3nz_bizprephub`
--

-- --------------------------------------------------------

--
-- Table structure for table `examResult`
--

CREATE TABLE `examResult` (
  `exam_id` int(11) NOT NULL,
  `questionAndAnswer_id` int(11) NOT NULL,
  `examTime_id` int(11) NOT NULL,
  `selected_option` varchar(1500) COLLATE utf8_unicode_ci NOT NULL
) ENGINE=InnoDB DEFAULT CHARSET=utf8 COLLATE=utf8_unicode_ci;

--
-- Dumping data for table `examResult`
--

INSERT INTO `examResult` (`exam_id`, `questionAndAnswer_id`, `examTime_id`, `selected_option`) VALUES
(25, 24, 27, '2'),
(26, 25, 27, '2'),
(27, 26, 27, '2'),
(28, 27, 27, '4'),
(29, 28, 27, '3'),
(30, 24, 28, '2'),
(31, 25, 28, '2'),
(32, 26, 28, '2'),
(33, 27, 28, '3'),
(34, 28, 28, '3'),
(35, 29, 28, '4'),
(36, 24, 29, '2'),
(37, 25, 29, '2'),
(38, 26, 29, '2'),
(39, 27, 29, '3'),
(40, 28, 29, '4'),
(41, 29, 29, '3'),
(42, 25, 32, '2'),
(43, 24, 32, '2'),
(44, 26, 32, '3'),
(45, 27, 32, '4'),
(46, 28, 32, '2'),
(47, 29, 32, '2'),
(48, 24, 34, '1'),
(49, 25, 34, '2'),
(50, 26, 34, '2'),
(51, 27, 34, '3'),
(52, 28, 34, '3'),
(53, 29, 34, '3'),
(54, 24, 35, '1'),
(55, 26, 35, '2'),
(56, 27, 35, '3'),
(57, 28, 35, '3'),
(58, 29, 35, '2'),
(59, 30, 35, '3'),
(60, 31, 35, '2'),
(61, 25, 35, '2'),
(62, 24, 36, '2'),
(63, 25, 36, '2'),
(64, 26, 36, '3'),
(65, 27, 36, '2'),
(66, 28, 36, '2'),
(67, 29, 36, '2'),
(68, 30, 36, '2'),
(69, 31, 36, '2'),
(70, 32, 36, '2'),
(71, 33, 36, '2'),
(72, 24, 37, '2'),
(73, 25, 37, '2'),
(74, 26, 37, '3'),
(75, 27, 37, '2'),
(76, 28, 37, '3'),
(77, 29, 37, '3'),
(78, 30, 37, '2'),
(79, 24, 38, '2'),
(80, 25, 38, '2'),
(81, 26, 38, '2'),
(82, 27, 38, '3'),
(83, 28, 38, '3'),
(84, 29, 38, '4'),
(85, 30, 38, '2'),
(86, 24, 39, '1'),
(87, 24, 40, '2'),
(88, 25, 40, '2'),
(89, 26, 40, '3'),
(90, 27, 40, '2'),
(91, 28, 40, '2'),
(92, 29, 40, '2'),
(93, 30, 40, '2'),
(94, 31, 40, '2'),
(95, 32, 40, '2'),
(96, 33, 40, '2'),
(97, 34, 40, '2'),
(98, 35, 40, '3'),
(99, 24, 41, '2'),
(100, 25, 41, '2'),
(101, 26, 41, '3'),
(102, 24, 42, '2'),
(103, 24, 43, '2'),
(104, 25, 43, '2'),
(105, 26, 43, '2'),
(106, 27, 43, '2'),
(107, 28, 43, '2'),
(108, 29, 43, '2'),
(109, 30, 43, '2'),
(110, 31, 43, '2'),
(111, 32, 43, '2'),
(112, 33, 43, '2'),
(113, 39, 44, '1'),
(114, 25, 44, '2'),
(115, 42, 45, '1'),
(116, 27, 45, '1'),
(117, 43, 46, '1'),
(118, 42, 46, '1'),
(119, 34, 47, '1'),
(120, 24, 47, '2'),
(121, 27, 50, '1'),
(122, 25, 55, '3'),
(123, 35, 55, '3'),
(124, 37, 56, '2'),
(125, 37, 57, '2'),
(126, 28, 57, '2'),
(127, 47, 63, '4'),
(128, 50, 63, '2'),
(129, 44, 63, '3'),
(130, 45, 63, '3'),
(131, 46, 63, '3'),
(132, 51, 63, '3'),
(133, 49, 63, '3'),
(134, 48, 63, '2'),
(135, 53, 63, '2'),
(136, 52, 63, '2'),
(137, 49, 64, '2'),
(138, 53, 65, '1'),
(139, 45, 67, '2'),
(140, 47, 74, '3'),
(141, 52, 75, '3'),
(142, 49, 75, '1'),
(143, 47, 75, '3'),
(144, 51, 75, '3'),
(145, 46, 75, '4'),
(146, 45, 75, '1'),
(147, 50, 75, '4'),
(148, 53, 75, '3'),
(149, 44, 75, '4'),
(150, 48, 75, '1'),
(151, 48, 78, '2'),
(152, 52, 79, '2'),
(153, 46, 79, '2'),
(154, 48, 81, '2'),
(155, 44, 84, '4'),
(156, 51, 84, '4'),
(157, 49, 85, '3'),
(158, 48, 86, '2'),
(159, 50, 86, '2'),
(160, 46, 86, '2'),
(161, 52, 86, '2'),
(162, 44, 86, '3'),
(163, 45, 86, '3'),
(164, 49, 86, '2'),
(165, 51, 86, '2'),
(166, 47, 86, '4'),
(167, 53, 86, '3'),
(168, 51, 93, '4'),
(169, 52, 93, '4'),
(170, 53, 93, '4'),
(171, 49, 93, '4'),
(172, 47, 93, '4'),
(173, 50, 93, '4'),
(174, 48, 93, '4'),
(175, 45, 93, '4'),
(176, 44, 93, '4'),
(177, 46, 93, '4'),
(178, 51, 95, '1'),
(179, 44, 96, '1'),
(180, 53, 96, '2'),
(181, 48, 96, '2'),
(182, 51, 102, '1'),
(183, 51, 102, '2'),
(184, 47, 113, '2'),
(185, 51, 114, '3'),
(186, 52, 115, '1'),
(187, 47, 116, '2'),
(188, 50, 116, '3'),
(189, 53, 116, '2'),
(190, 49, 116, '2'),
(191, 46, 116, '2'),
(192, 45, 116, '3'),
(193, 51, 116, '2'),
(194, 48, 116, '2'),
(195, 44, 116, '2'),
(196, 51, 119, '1'),
(197, 45, 119, '1'),
(198, 53, 119, '1'),
(199, 48, 119, '1'),
(200, 50, 119, '1'),
(201, 49, 119, '1'),
(202, 46, 119, '1'),
(203, 52, 119, '1'),
(204, 47, 119, '1'),
(205, 44, 119, '1'),
(206, 51, 120, '1'),
(207, 48, 127, '1'),
(208, 46, 127, '2'),
(209, 53, 127, '2'),
(210, 51, 127, '2'),
(211, 49, 127, '2'),
(212, 50, 127, '2'),
(213, 44, 127, '2'),
(214, 52, 127, '2'),
(215, 47, 127, '2'),
(216, 46, 131, '4'),
(217, 50, 131, '4'),
(218, 47, 131, '4'),
(219, 48, 131, '4'),
(220, 49, 131, '2'),
(221, 52, 131, '3'),
(222, 45, 131, '1'),
(223, 44, 131, '3'),
(224, 53, 145, '2'),
(225, 49, 145, '2'),
(226, 44, 145, '3'),
(227, 52, 145, '2'),
(228, 48, 145, '3'),
(229, 47, 145, '3'),
(230, 46, 145, '4'),
(231, 51, 145, '4'),
(232, 45, 145, '3'),
(233, 48, 149, '1'),
(234, 51, 149, '1'),
(235, 44, 149, '1'),
(236, 50, 149, '1'),
(237, 46, 149, '1'),
(238, 53, 149, '1'),
(239, 45, 149, '1'),
(240, 47, 149, '1'),
(241, 52, 149, '1'),
(242, 50, 186, '3'),
(243, 51, 187, '1'),
(244, 50, 189, '1'),
(245, 46, 203, '3'),
(246, 52, 203, '4'),
(247, 53, 203, '2'),
(248, 47, 203, '2'),
(249, 44, 203, '3'),
(250, 45, 203, '2'),
(251, 51, 203, '4'),
(252, 48, 203, '4'),
(253, 49, 203, '3'),
(254, 50, 203, '4'),
(255, 57, 209, '2'),
(256, 56, 209, '2'),
(257, 59, 209, '1'),
(258, 61, 209, '1'),
(259, 60, 209, '3'),
(260, 58, 209, '3'),
(261, 55, 209, '1'),
(262, 49, 209, '3'),
(263, 54, 209, '1'),
(264, 72, 215, '4');

-- --------------------------------------------------------

--
-- Table structure for table `examTime`
--

CREATE TABLE `examTime` (
  `quiz_id` int(11) NOT NULL,
  `time` varchar(250) COLLATE utf8_unicode_ci NOT NULL
) ENGINE=InnoDB DEFAULT CHARSET=utf8 COLLATE=utf8_unicode_ci;

--
-- Dumping data for table `examTime`
--

INSERT INTO `examTime` (`quiz_id`, `time`) VALUES
(5, '2025-04-11 06:20:44'),
(6, '2025-04-11 05:41:30'),
(7, '2025-04-11 06:08:31'),
(8, '2025-04-11 06:09:09'),
(9, '2025-04-11 06:10:03'),
(10, '2025-04-11 06:10:43'),
(11, '2025-04-11 06:11:09'),
(12, '2025-04-11 06:13:03'),
(13, '2025-04-11 06:14:27'),
(14, '2025-04-11 06:23:06'),
(15, '2025-04-11 06:24:08'),
(16, '2025-04-11 06:29:04'),
(17, '2025-04-11 06:47:45'),
(18, '2025-04-11 06:48:38'),
(19, '2025-04-11 06:49:49'),
(20, '2025-04-11 07:02:38'),
(21, '2025-04-11 07:03:38'),
(22, '2025-04-11 07:10:22'),
(23, '2025-04-11 07:16:50'),
(24, '2025-04-11 07:22:30'),
(25, '2025-04-11 07:31:41'),
(26, '2025-04-11 07:35:50'),
(27, '2025-04-11 07:47:15'),
(28, '2025-04-11 08:23:42'),
(29, '2025-04-11 08:25:44'),
(30, '2025-04-11 08:34:00'),
(31, '2025-04-11 08:34:18'),
(32, '2025-04-11 08:35:02'),
(33, '2025-04-11 08:36:17'),
(34, '2025-04-11 08:36:53'),
(35, '2025-04-11 08:41:50'),
(36, '2025-04-11 08:46:49'),
(37, '2025-04-11 08:48:04'),
(38, '2025-04-11 08:51:11'),
(39, '2025-04-11 08:52:26'),
(40, '2025-04-11 08:53:54'),
(41, '2025-04-11 08:56:26'),
(42, '2025-04-11 08:57:32'),
(43, '2025-04-11 09:01:03'),
(44, '2025-04-11 09:06:25'),
(45, '2025-04-11 09:07:35'),
(46, '2025-04-11 09:33:45'),
(47, '2025-04-11 09:39:12'),
(48, '2025-04-11 09:42:35'),
(49, '2025-04-11 09:43:08'),
(50, '2025-04-11 10:12:00'),
(51, '2025-04-11 10:21:01'),
(52, '2025-04-11 10:22:40'),
(53, '2025-04-11 10:23:42'),
(54, '2025-04-11 11:15:26'),
(55, '2025-04-11 11:16:08'),
(56, '2025-04-11 11:17:51'),
(57, '2025-04-11 11:18:06'),
(58, '2025-04-11 11:57:41'),
(59, '2025-04-11 12:27:32'),
(60, '2025-04-11 12:28:31'),
(61, '2025-04-11 12:42:08'),
(62, '2025-04-11 12:58:33'),
(63, '2025-04-11 13:02:35'),
(64, '2025-04-11 13:11:36'),
(65, '2025-04-11 13:23:47'),
(66, '2025-04-11 13:24:28'),
(67, '2025-04-11 13:24:37'),
(68, '2025-04-11 13:24:55'),
(69, '2025-04-11 13:37:02'),
(70, '2025-04-11 13:53:18'),
(71, '2025-04-11 13:53:41'),
(72, '2025-04-11 13:58:24'),
(73, '2025-04-11 14:02:43'),
(74, '2025-04-11 14:05:16'),
(75, '2025-04-11 14:05:20'),
(76, '2025-04-11 14:22:23'),
(77, '2025-04-11 14:23:12'),
(78, '2025-04-11 14:53:12'),
(79, '2025-04-11 14:53:28'),
(80, '2025-04-11 14:54:12'),
(81, '2025-04-12 01:42:16'),
(82, '2025-04-13 05:11:08'),
(83, '2025-04-13 20:00:36'),
(84, '2025-04-13 20:01:26'),
(85, '2025-04-13 20:04:24'),
(86, '2025-04-13 20:07:40'),
(87, '2025-04-13 20:11:36'),
(88, '2025-04-13 20:12:20'),
(89, '2025-04-13 20:12:31'),
(90, '2025-04-13 20:12:36'),
(91, '2025-04-13 20:12:53'),
(92, '2025-04-13 20:17:26'),
(93, '2025-04-13 20:48:30'),
(94, '2025-04-13 21:46:03'),
(95, '2025-04-14 06:13:25'),
(96, '2025-04-14 06:18:15'),
(97, '2025-04-14 07:00:51'),
(98, '2025-04-14 07:02:12'),
(99, '2025-04-14 07:03:54'),
(100, '2025-04-14 07:09:07'),
(101, '2025-04-14 07:09:38'),
(102, '2025-04-14 07:12:00'),
(103, '2025-04-14 07:13:02'),
(104, '2025-04-14 07:13:16'),
(105, '2025-04-14 07:13:35'),
(106, '2025-04-14 07:14:29'),
(107, '2025-04-14 07:18:09'),
(108, '2025-04-14 07:19:57'),
(109, '2025-04-14 07:20:49'),
(110, '2025-04-14 07:21:20'),
(111, '2025-04-14 07:22:52'),
(112, '2025-04-14 07:23:41'),
(113, '2025-04-14 07:25:58'),
(114, '2025-04-14 07:30:53'),
(115, '2025-04-14 07:42:20'),
(116, '2025-04-14 07:47:49'),
(117, '2025-04-14 07:49:42'),
(118, '2025-04-14 08:33:50'),
(119, '2025-04-14 08:39:55'),
(120, '2025-04-14 08:41:51'),
(121, '2025-04-14 09:44:12'),
(122, '2025-04-14 12:03:36'),
(123, '2025-04-14 12:59:31'),
(124, '2025-04-14 16:05:49'),
(125, '2025-04-14 16:06:11'),
(126, '2025-04-16 03:44:26'),
(127, '2025-04-16 03:45:34'),
(128, '2025-04-17 21:13:49'),
(129, '2025-04-17 21:13:54'),
(130, '2025-04-17 21:14:30'),
(131, '2025-04-22 01:02:02'),
(132, '2025-04-22 01:06:48'),
(133, '2025-04-22 01:07:46'),
(134, '2025-04-25 07:33:12'),
(135, '2025-04-25 07:52:18'),
(136, '2025-04-25 07:58:46'),
(137, '2025-04-25 07:59:44'),
(138, '2025-04-25 08:00:18'),
(139, '2025-04-25 08:02:39'),
(140, '2025-04-25 08:22:24'),
(141, '2025-04-25 10:37:19'),
(142, '2025-04-25 12:36:30'),
(143, '2025-04-25 16:56:51'),
(144, '2025-04-25 16:56:54'),
(145, '2025-04-25 22:34:44'),
(146, '2025-04-26 00:17:59'),
(147, '2025-04-26 00:18:05'),
(148, '2025-04-26 01:07:55'),
(149, '2025-04-26 06:25:41'),
(150, '2025-04-26 07:30:47'),
(151, '2025-04-26 07:30:47'),
(152, '2025-04-26 10:19:28'),
(153, '2025-04-26 10:19:28'),
(154, '2025-04-26 10:21:13'),
(155, '2025-04-26 10:21:14'),
(156, '2025-04-26 10:21:17'),
(157, '2025-04-26 10:21:25'),
(158, '2025-04-26 12:39:41'),
(159, '2025-04-26 13:19:00'),
(160, '2025-04-27 02:10:19'),
(161, '2025-04-27 14:41:32'),
(162, '2025-04-28 04:04:42'),
(163, '2025-04-28 04:34:43'),
(164, '2025-04-28 04:40:14'),
(165, '2025-04-28 06:18:41'),
(166, '2025-04-28 09:17:04'),
(167, '2025-04-28 09:18:56'),
(168, '2025-04-28 12:26:49'),
(169, '2025-04-28 12:46:01'),
(170, '2025-04-29 05:54:19'),
(171, '2025-04-29 12:34:56'),
(172, '2025-04-29 18:05:58'),
(173, '2025-04-30 05:36:25'),
(174, '2025-04-30 07:11:26'),
(175, '2025-04-30 08:21:59'),
(176, '2025-04-30 18:43:54'),
(177, '2025-04-30 21:52:35'),
(178, '2025-05-03 06:42:39'),
(179, '2025-05-04 03:39:07'),
(180, '2025-05-04 11:33:36'),
(181, '2025-05-04 13:34:50'),
(182, '2025-05-05 16:52:23'),
(183, '2025-05-06 02:57:51'),
(184, '2025-05-07 08:48:44'),
(185, '2025-05-07 09:20:43'),
(186, '2025-05-07 12:25:28'),
(187, '2025-05-07 12:37:51'),
(188, '2025-05-07 12:54:26'),
(189, '2025-05-07 13:04:03'),
(190, '2025-05-07 13:15:25'),
(191, '2025-05-08 21:55:20'),
(192, '2025-05-09 08:11:00'),
(193, '2025-05-10 16:36:11'),
(194, '2025-05-11 03:00:15'),
(195, '2025-05-12 14:58:22'),
(196, '2025-05-13 01:15:29'),
(197, '2025-05-14 07:24:51'),
(198, '2025-05-14 07:25:00'),
(199, '2025-05-15 17:30:41'),
(200, '2025-05-16 03:37:43'),
(201, '2025-05-17 06:14:05'),
(202, '2025-05-17 06:14:10'),
(203, '2025-05-18 12:46:10'),
(204, '2025-05-19 06:20:03'),
(205, '2025-05-20 18:49:21'),
(206, '2025-05-20 23:04:36'),
(207, '2025-05-21 20:05:39'),
(208, '2025-05-21 21:26:35'),
(209, '2025-05-22 16:06:38'),
(210, '2025-05-22 16:20:58'),
(211, '2025-05-23 04:55:47'),
(212, '2025-05-23 05:20:25'),
(213, '2025-05-23 07:06:18'),
(214, '2025-05-26 19:18:57'),
(215, '2025-05-27 00:54:54'),
(216, '2025-05-27 08:34:21'),
(217, '2025-05-27 21:58:15'),
(218, '2025-05-28 02:57:58'),
(219, '2025-05-28 16:31:13'),
(220, '2025-05-28 16:31:27'),
(221, '2025-05-29 13:41:14'),
(222, '2025-05-29 17:13:26'),
(223, '2025-05-31 18:40:00'),
(224, '2025-06-01 16:49:11'),
(225, '2025-06-01 21:39:45'),
(226, '2025-06-01 21:45:21'),
(227, '2025-06-01 21:46:27'),
(228, '2025-06-01 21:48:22'),
(229, '2025-06-02 13:19:17'),
(230, '2025-06-04 02:22:43'),
(231, '2025-06-04 12:02:30'),
(232, '2025-06-05 19:53:45'),
(233, '2025-06-06 14:01:50'),
(234, '2025-06-06 18:28:18'),
(235, '2025-06-06 23:17:18'),
(236, '2025-06-11 20:41:21'),
(237, '2025-06-12 05:34:26'),
(238, '2025-06-14 02:07:01'),
(239, '2025-06-16 16:31:24'),
(240, '2025-06-17 01:49:12'),
(241, '2025-06-21 03:11:42'),
(242, '2025-06-21 20:33:12'),
(243, '2025-06-22 04:58:58'),
(244, '2025-06-23 16:06:34'),
(245, '2025-06-23 19:20:25'),
(246, '2025-06-25 18:55:33'),
(247, '2025-06-25 20:02:04'),
(248, '2025-06-26 19:46:02'),
(249, '2025-06-26 23:43:02'),
(250, '2025-06-27 05:41:57'),
(251, '2025-06-28 22:00:55'),
(252, '2025-06-29 14:39:09'),
(253, '2025-07-01 02:45:34'),
(254, '2025-07-01 10:25:19'),
(255, '2025-07-02 01:45:16'),
(256, '2025-07-02 02:37:23'),
(257, '2025-07-02 04:51:46'),
(258, '2025-07-04 20:15:00'),
(259, '2025-07-04 20:15:07'),
(260, '2025-07-05 19:20:44'),
(261, '2025-07-06 18:16:51'),
(262, '2025-07-07 01:51:22'),
(263, '2025-07-09 11:27:14'),
(264, '2025-07-11 16:30:38'),
(265, '2025-07-11 21:08:20'),
(266, '2025-07-13 06:38:00'),
(267, '2025-07-13 10:34:05'),
(268, '2025-07-14 00:43:22'),
(269, '2025-07-14 10:31:38');

-- --------------------------------------------------------

--
-- Table structure for table `questionAndAnswer`
--

CREATE TABLE `questionAndAnswer` (
  `id` int(11) NOT NULL,
  `questions` varchar(2000) COLLATE utf8_unicode_ci NOT NULL,
  `option_1` varchar(1500) COLLATE utf8_unicode_ci NOT NULL,
  `option_2` varchar(1500) COLLATE utf8_unicode_ci NOT NULL,
  `option_3` varchar(1500) COLLATE utf8_unicode_ci NOT NULL,
  `option_4` varchar(1500) COLLATE utf8_unicode_ci NOT NULL,
  `correct_option` int(11) NOT NULL,
  `date` varchar(100) COLLATE utf8_unicode_ci NOT NULL
) ENGINE=InnoDB DEFAULT CHARSET=utf8 COLLATE=utf8_unicode_ci;

--
-- Dumping data for table `questionAndAnswer`
--

INSERT INTO `questionAndAnswer` (`id`, `questions`, `option_1`, `option_2`, `option_3`, `option_4`, `correct_option`, `date`) VALUES
(49, 'What does \"third-party logistics (3PL)\" refer to?', 'Internal logistics team', ' Freight forwarder owned by the manufacturer', 'Use of external companies to manage logistics operations', 'Local delivery service', 3, '11 Apr 2025'),
(54, 'What was the impact of Covid on Supply Chain Management?', 'Negative', 'Positive', 'Neutral', 'No Impact', 1, '21 May 2025'),
(55, 'Which of these is a 3 Level Channel of Distribution?', 'Manufacturer → Wholesaler → Retailer → Consumer', 'Manufacturer → Retailer → Wholesaler → Consumer', 'Manufacturer → Agent → Wholesaler → Retailer', 'Manufacturer → Agent → Wholesaler → Retailer → Consumer', 3, '21 May 2025'),
(56, 'What is the most affordable transportation method?', 'Truck', 'Boat', 'Rail', 'Airplane', 2, '21 May 2025'),
(57, 'Land Rover lets limited dealers distribute its products. How would you describe Land Rover in terms of its intermediaries?', 'This is intensive in terms of intermediaries.', 'This is selective in terms of intermediaries.', 'This is dual in terms of intermediaries.', 'This is exclusive in terms of intermediaries.', 4, '21 May 2025'),
(58, 'What is the first step of a product return?', 'Restocking the item', 'Issuing a refund', 'Verifying the return request', 'Inspecting the returned product', 3, '21 May 2025'),
(59, 'What is the traditional indirect channel of distribution?', 'Involves producer, retailer, and final consumer ', 'Involves producer, final consumer, and government', 'Involves producer, agent, and final consumer', 'Involves only the producer and the final consumer', 1, '21 May 2025'),
(60, 'Why are barcodes used to identify products?', 'To track items in transit', 'They reduce packaging costs', 'They are inexpensive', 'They are difficult to replicate', 3, '21 May 2025'),
(61, 'What is retailing?', 'All activities involved in the sale of products and services to the consumer', 'Only selling products online to businesses', 'Delivering raw materials to manufacturers', 'Selling services exclusively to wholesalers', 1, '22 May 2025'),
(62, 'What is process performance management?', 'Hiring and training new employees for all departments', 'Supervising business and manufacturing processes to ensure quality and efficiency', 'Managing customer service teams for brand reputation', 'Forecasting consumer demand for seasonal products', 2, '22 May 2025'),
(63, 'What would be the proper management of medical goods?', ' Ordering medical supplies on a monthly schedule regardless of demand', 'Relying on local suppliers for emergency shipments only', 'Minimizing inventory to reduce storage costs', 'Having medical supplies on hand for disasters', 4, '22 May 2025'),
(64, 'A company is making several decisions: Choosing a new warehouse location is _________ planning,  Setting monthly inventory targets is _________ planning,  Scheduling deliveries for the next day is ________ planning.', 'Operational, Strategic, Tactical', 'Tactical, Operational, Strategic', 'Strategic, Tactical, Operational', 'Tactical, Strategic, Operational', 3, '22 May 2025'),
(65, 'Which of the following best describes pull production?', ' Producing items only after a customer places an order', 'Manufacturing products in advance to keep shelves stocked', 'Scheduling production based solely on supplier availability', 'Producing goods in large batches based on sales forecasts', 1, '22 May 2025'),
(66, 'Which of the following best describes push production?', 'Manufacturing is triggered only after a customer places an order', 'Products are produced on demand to minimize inventory', ' Products are made in advance based on forecasted demand', 'Production is delayed until real-time data confirms an order', 3, '24 May 2025'),
(67, 'A computer manufacturer builds components like motherboards and hard drives in advance based on forecasts, but only assembles the final product after a customer places an order. Where is the decoupling point in this supply chain?', 'When the raw materials for components are ordered', 'When the components are stored in inventory', 'When the finished computer is shipped to the customer', 'When the assembly of the computer begins after the customer order', 4, '24 May 2025'),
(68, 'A U.S. electronics company moves its manufacturing operations from China to Mexico to reduce shipping time and improve supply chain responsiveness. What is this an example of?', 'Outsourcing', 'Nearshoring', 'Offshoring', 'Sourcing', 2, '24 May 2025'),
(69, 'How do you calculate total cost of ownership (TCO)?', 'By including the purchase price, operating costs, maintenance, and disposal over the product’s lifecycle', 'By estimating resale value and subtracting it from the purchase price', 'By adding only the initial purchase price of a product', 'By calculating the average monthly payments for the product', 1, '24 May 2025'),
(70, 'A bookstore sells 10 copies of a popular novel each day. It takes 5 days for a new shipment to arrive after placing an order. What is the reorder point for the novel?', '5 books', '10 books', '50 books', '15 books', 3, '24 May 2025'),
(71, ' What is outsourcing?', 'Moving production to a company-owned facility overseas', 'Hiring a third-party company to perform tasks or services previously done in-house', 'Hiring more full-time employees to expand internal operations', 'Bringing external work back into the company to increase control', 2, '24 May 2025'),
(72, 'A U.S. clothing company moves its customer service center to India to reduce labor costs. What is this an example of?', 'Nearshoring', 'Outsourcing', 'Insourcing', 'Offshoring', 4, '24 May 2025'),
(73, 'A grocery store places newer cartons of milk behind older ones on the shelf so the older milk is sold first. What inventory method is the store using?', 'LIFO (Last In, First Out)', 'FIFO (First In, First Out)', 'JIT (Just-In-Time)', 'EOQ (Economic Order Quantity)', 2, '24 May 2025'),
(74, 'A car dealership sells the newest cars on the lot first, those that just arrived from the manufacturer, while older models remain unsold in the back. What inventory method does this represent?', 'FIFO (First In, First Out)', 'JIT (Just-In-Time)', 'EOQ (Economic Order Quantity)', 'LIFO (Last In, First Out)', 4, '24 May 2025'),
(75, 'Tesla, a car manufacturer, purchases a lithium mining company to secure a steady supply of raw materials for its electric vehicle batteries. What strategy is Tesla using?', 'Backward integration', 'Horizontal integration', 'Outsourcing', 'Forward integration', 1, '25 May 2025'),
(76, 'A clothing manufacturer opens its own retail stores to sell directly to customers instead of relying on third-party retailers. What strategy is the company using?', 'Backward integration', 'Horizontal integration', 'Forward integration', 'Outsourcing', 3, '25 May 2025'),
(77, 'What does the term \"break bulk\" refer to in supply chain management?', 'Combining small shipments into one large load', 'Loading goods into shipping containers for international transport', 'Transferring cargo between transportation modes without handling the goods', 'Separating a large shipment into smaller parts for transport or delivery.', 4, '25 May 2025'),
(78, 'What is RFID tracking used for in supply chain management?', 'Using radio waves to automatically identify and track items without direct contact', 'Labeling products manually for retail display', 'Scanning items using visible light and line-of-sight only', 'Printing barcodes on packaging for customer scanning', 1, '25 May 2025'),
(79, 'What is the main purpose of an ERP (Enterprise Resource Planning) system in supply chain management?', 'To analyze customer satisfaction scores from social media platforms', 'To operate warehouse machinery and automate physical product handling', 'To store product barcodes and pricing data for checkout systems', 'To serve as an integrated software system that manages core business processes across departments', 4, '25 May 2025'),
(80, 'What is an example of a functional product?', 'Toothbrush', 'Smartphone with the latest technology', 'Limited-edition sneakers', 'High-end sports car', 1, '25 May 2025'),
(81, 'What does allocating mean in the context of supply chain management?', 'Ordering additional inventory when demand increases', 'Delaying production to reduce warehousing costs', 'Distributing limited inventory or resources across locations or customers to maximize efficiency and profitability', 'Forecasting future customer demand using historical data', 3, '25 May 2025'),
(82, 'What is supply chain management?', 'The marketing of products through digital platforms to reach global consumers', 'The process of creating advertisements to increase product visibility', 'The centralized management of the flow of goods and services, including all processes that transform raw materials into final products', 'The hiring of suppliers to manage customer relationships', 3, '25 May 2025'),
(83, 'Which of the following is not considered a key quality of a good supply chain manager?', 'Ability to analyze data to identify inefficiencies and forecast demand', 'Strong interpersonal skills to negotiate and build relationships', 'Expertise in graphic design and social media marketing', 'Understanding of emerging technologies like AI, IoT, and analytics tools', 3, '25 May 2025'),
(84, 'What do logistics operations primarily involve in supply chain management?', 'Selecting suppliers based on cost and quality criteria', 'Forecasting demand for upcoming sales periods', 'Managing the movement of goods, inventory, order fulfillment, and shipping from manufacturer to end user', 'Planning long-term facility locations and supplier networks', 3, '25 May 2025'),
(85, 'What best describes the role of inventory management in supply chain operations?', 'Coordinates supplier contracts and payment terms across regions', 'Helps determine what and how much stock to order, tracks it from purchase to sale, and ensures demand is met', 'Tracks employee productivity across departments to reduce labor costs', 'Schedules transportation and monitors fleet performance to reduce delivery delays and fuel costs', 2, '25 May 2025'),
(86, 'What is the primary purpose of warehousing in supply chain management?', 'Storing physical inventory for sale or distribution', 'Organizing marketing campaigns for retail promotions', 'Scheduling employee shifts at manufacturing plants', 'Tracking supplier performance across multiple regions for quality assurance reporting', 1, '25 May 2025'),
(87, 'What does the term \"stockout\" refer to in supply chain management?', 'A discount offered to clear excess inventory', 'The process of rotating stock to prevent expiration', 'A situation in which an item is out of stock', 'A system for forecasting future inventory needs based on trends', 3, '25 May 2025'),
(88, 'What does the term \"backorder\" mean in supply chain management?', 'Canceling an order due to low customer interest', 'Shipping a product before the payment is received', 'A retailer’s order for an item that is temporarily out of stock and will be fulfilled once available', 'Returning excess inventory from a retailer to the supplier', 3, '25 May 2025'),
(89, 'What are carrying costs in supply chain management?', 'Costs paid to ship products from supplier to retailer', 'Costs a business pays for holding inventory in stock', 'Discounts offered to customers for bulk purchases', 'Expenses related to product development and testing', 2, '25 May 2025'),
(90, 'What is inventory forecasting in supply chain management?', 'Counting current stock levels manually for accuracy', 'Tracking the movement of goods and materials across multiple warehouses and distribution centers', 'Sending automatic reorder requests when stock runs out', 'Using past data, trends, and upcoming events to predict future inventory needs', 4, '25 May 2025'),
(91, 'What does \"shipping\" refer to in supply chain management?', 'Recording inventory transactions in accounting software', 'Physically transporting goods or materials between locations', 'Negotiating supplier contracts for raw materials', 'Analyzing seasonal demand to optimize warehouse storage and labor costs', 2, '26 May 2025'),
(92, 'What is the role of a Business Analyst in supply chain management?', 'Managing warehouse staff and daily inventory counts', 'Overseeing the physical delivery of goods to customers', 'Collecting and analyzing data to improve supply chain operations and ensure supply meets business demand', 'Negotiating long-term contracts with manufacturers and logistics providers', 3, '26 May 2025'),
(93, 'What is the primary role of a Commodity Specialist in supply chain management?', 'Tracking outbound shipments to ensure timely delivery to customers', 'Researching market prices, selecting suppliers, and negotiating contracts for inventory purchases', 'Designing packaging to enhance product presentation', 'Managing supplier scorecards and analyzing long-term vendor performance across multiple product categories', 2, '26 May 2025'),
(94, 'What is the primary role of a Demand Planning Manager in supply chain management?', 'Overseeing planning operations, analyzing demand data, and developing strategies to forecast future customer and vendor needs', 'Managing warehouse logistics and outbound freight schedules', 'Organizing employee training programs across departments', 'Coordinating the shipment of returned goods between distribution centers and third-party retailers', 1, '26 May 2025'),
(95, 'What does the bullwhip effect describe in supply chain management?', 'A shortage of raw materials due to poor supplier performance', 'Small changes in customer demand causing larger demand fluctuations up the supply chain', 'The process of consolidating small shipments into larger freight loads to reduce costs', 'When product returns from retailers create excess stock and disrupt warehouse space planning for future seasonal items', 2, '26 May 2025'),
(96, 'Which of the following factors can contribute to demand fluctuations known as the bullwhip effect?', 'Cross-docking practices and real-time inventory updates', 'Order batching, long lead times, poor communication, and inaccurate forecasting', 'High warehouse automation and direct-to-consumer shipping', 'Loyalty programs, promotional pricing, and customer feedback loops', 2, '26 May 2025'),
(97, 'Which of the following is not a solution to reduce the bullwhip effect in supply chains?', 'Improving forecast accuracy and inventory planning', 'Reviewing safety stock levels and evaluating order batching', 'Increasing promotional discounts and flash sales frequently', 'Stabilizing price fluctuations and reducing lead time variability', 3, '26 May 2025'),
(98, 'What is order batching in supply chain management?', 'Shipping products to customers in multiple small packages over time', 'Delaying production until all customer payments are received', 'Combining small orders into one large order, increasing demand variability and contributing to the bullwhip effect', 'Using predictive analytics and real-time data to minimize inventory costs and forecast seasonal demand spikes across multiple product categories', 3, '26 May 2025'),
(99, 'What is the Supply Chain Greening Effect?', 'A marketing strategy used to promote environmentally friendly product labels', 'The process of shifting all manufacturing operations to local suppliers', 'An operational approach to reduce environmental impact across the product life cycle, from raw materials to final product', 'A method for speeding up delivery times by reducing warehouse energy use', 3, '26 May 2025'),
(100, 'A manufacturing company is facing frequent delays in raw material deliveries, causing production slowdowns and customer dissatisfaction. As the purchasing manager, what should be your primary focus to address this issue?', 'Launch a new marketing campaign to promote the company’s brand', 'Find more reliable suppliers to ensure continuous material flow and support product quality', 'Hire more employees in the accounting department to improve invoicing speed', 'Increase product prices to offset potential revenue loss from delays', 2, '26 May 2025'),
(101, 'A company has a fixed cost of $50,000 and a variable cost of $5 per unit to make a part, while the cost to buy the part from a supplier is $10 per unit. At what quantity does making the part cost the same as buying it?', '10,000 units', '5,000 units', '7,500 units', '12,500 units', 1, '26 May 2025'),
(102, 'What do preferred suppliers typically provide in a supply chain relationship?', 'Assistance with marketing campaigns, product promotions, and packaging design', 'Support with internal hiring processes, employee training, and HR compliance', 'Early supplier involvement, market insight, capacity for unexpected demand, and cost efficiency', 'Help with customer surveys, retail display setups, and loyalty program design', 3, '26 May 2025'),
(103, 'What does the term \"single-sourcing\" mean in supply chain management?', 'Purchasing products from multiple suppliers to increase flexibility', 'Rotating suppliers every quarter to avoid dependency', 'Buying a specific product from only one supplier', 'Outsourcing all procurement decisions to a third-party agency', 3, '26 May 2025'),
(104, 'What does the term \"multi-sourcing\" refer to in supply chain management?', 'Buying products exclusively from a single trusted supplier', 'Purchasing a good or service from more than one supplier', 'Sourcing raw materials only from local vendors', 'Using one supplier per region for global operations', 2, '26 May 2025'),
(105, 'Which of the following is an advantage of single-sourcing in supply chain management?', 'Greater flexibility from switching between many suppliers', 'Reduced supplier dependency by spreading risk', 'Lower purchasing workload and easier supplier performance tracking', 'Increased lead times due to using multiple global vendors', 3, '26 May 2025'),
(106, 'Which of the following are disadvantages of single-sourcing in supply chain management?', 'Increased vulnerability, risk of supply interruption, and supplier dependency', 'Reduced lead times, diversified supplier base, and increased supply flexibility', 'Improved price competition, supplier options, and contract flexibility', 'Enhanced responsiveness, lower logistics costs, and geographic risk reduction', 1, '26 May 2025'),
(107, 'Which of the following is a disadvantage of multi-sourcing in supply chain management?', 'Streamlined supplier communication, stronger supplier relationships, and consistent pricing', 'Greater economies of scale, simplified contract management, and uniform quality standards', 'Improved pricing flexibility, enhanced risk management, and faster order fulfillment', 'Complex information sharing, reduced bargaining power, and quality control challenges', 4, '26 May 2025'),
(108, 'Which of the following is an advantage of multi-sourcing in supply chain management?', 'Simpler communication, fewer supplier contracts, and lower administrative costs', 'Reduced reliance on a single supplier, greater flexibility, and improved bargaining power', 'Uniform product quality, centralized supplier accountability, and easier root cause analysis', 'Increased economies of scale, reduced supplier competition, and long-term fixed pricing', 2, '26 May 2025'),
(109, 'What are two primary functions of inventory in supply chain management?', 'Increase advertising reach and reduce lead times', 'Buffer uncertainty in customer demand and decouple dependencies in production', 'Track supplier performance and optimize logistics costs', 'Reduce marketing expenses and improve product shelf appeal', 2, '27 May 2025'),
(110, 'A pet store sells an average of 15 bags of dog food per day. The supplier takes 4 days to deliver a new shipment once an order is placed. At what inventory level should the pet store reorder dog food?', '45 bags', '75 bags', '90 bags', '60 bags', 4, '27 May 2025'),
(111, 'What best describes the chase strategy in production planning?', 'Maintaining a constant workforce and using inventory to meet changes in demand', 'Matching production to customer order rates by adjusting the workforce through hiring and firing', 'Building up large inventory reserves to handle peak season demand', 'Subcontracting all production to third-party manufacturers regardless of demand', 2, '27 May 2025'),
(112, 'What best describes the level strategy in production planning?', 'Maintaining a stable workforce and constant production output while using inventory or backlogs to handle demand fluctuations', 'Changing production rates monthly to match demand changes', 'Outsourcing production when customer demand exceeds in-house capacity', 'Relying solely on just-in-time production to eliminate the need for inventory', 1, '27 May 2025'),
(113, 'What best describes the combination (hybrid) strategy in production planning?', 'Hiring and firing workers to match production exactly to customer demand', 'Producing a constant output while using only inventory to manage fluctuations', 'Maintaining a stable workforce while varying output using overtime, flexible schedules, or subcontracting', 'Using only backlogs and safety stock to meet unexpected demand increases', 3, '27 May 2025'),
(114, 'What is a Bill of Materials (BOM) in supply chain and production management?', 'A record of past inventory audits and supplier contracts', 'A list of finished goods ready to be shipped to retailers', 'A financial summary of manufacturing costs and labor expenses', 'A document that lists all component parts required to produce a finished item', 4, '27 May 2025'),
(115, 'What does cross-docking refer to in supply chain operations?', 'Storing products in a distribution center for long-term inventory management', 'Returning excess inventory to the supplier for credit or replacement', 'Unloading products from an inbound vehicle and immediately loading them onto an outbound vehicle with little or no storage', 'Consolidating small shipments into larger loads for long-distance transport', 3, '27 May 2025'),
(116, 'Which of the following is an advantage of using a private warehouse?', 'Minimal upfront investment and full flexibility without ownership responsibilities', 'No control over operations but lower long-term fixed costs', 'Shared access with multiple businesses and no ability to modify layout or systems', 'Customization to internal systems, better workforce utilization, and cost benefits through asset depreciation', 4, '27 May 2025'),
(117, 'A retail store stocks up on school supplies like notebooks, backpacks, and pencils in late July to prepare for back-to-school shopping in August. What type of utility is being created?', 'Place utility', 'Form utility', 'Time utility', 'Possession utility', 3, '27 May 2025'),
(118, 'An energy drink company ensures its products are available in gyms, vending machines, and convenience stores near customers. What type of utility is being created?', 'Place utility', 'Time utility', 'Form utility', 'Possession utility', 1, '27 May 2025'),
(119, 'What is the main purpose of a bill of lading in transportation?', 'To track warehouse inventory during order processing', 'To serve as a legal document holding the carrier liable for losses, damages, or delays in shipment', 'To provide product specifications and assembly instructions to the manufacturer', 'To authorize payment between the buyer and supplier after goods are delivered', 2, '27 May 2025'),
(120, 'What is the purpose of a freight bill in supply chain logistics?', 'To list all component materials needed for product assembly', 'To legally transfer ownership of goods between buyer and seller', 'To provide the carrier’s invoice showing transportation charges for a shipment', 'To document product quality inspections during manufacturing', 3, '27 May 2025'),
(121, 'What is the main purpose of the United States-Mexico-Canada Agreement (USMCA)?', 'To create a single North American currency for trade transactions', 'To establish a unified transportation network across North America', 'To promote free trade by reducing trade barriers and improving trade rules among the U.S., Mexico, and Canada', 'To standardize consumer pricing across North American countries', 3, '27 May 2025'),
(122, 'What is reverse logistics in supply chain management?', 'The transfer of finished goods from the manufacturer to the distribution center', 'The coordination of supplier contracts and inbound freight', 'The process of forecasting demand and planning future inventory needs', 'The movement of products from the customer back to the company for returns, recycling, or disposal', 4, '27 May 2025'),
(123, 'What best describes the goal of process management in supply chain operations?', 'Applying techniques to monitor supplier contracts and delivery schedules', 'Using tools to manage only production-related workflows', 'Using knowledge, tools, and systems to improve business processes and meet customer needs efficiently', 'Implementing methods to manage promotional campaigns and customer loyalty processes', 3, '28 May 2025'),
(124, 'What best describes lean production in supply chain management?', 'Focusing on waste reduction and adding value throughout the production process', 'Increasing output by hiring more workers regardless of efficiency', 'Reducing inventory levels by minimizing supplier orders', 'Using automation to replace all human labor in the production system', 1, '28 May 2025'),
(125, 'Which of the following includes types of waste targeted by lean production?', 'Reduced marketing budgets, limited product customization, and fewer product launches', 'Increased training sessions, cross-functional meetings, and backup inventory planning', 'Overproduction, waiting time, excess inventory, overprocessing, excess motion, transportation, and defects', 'Brand consolidation, executive travel limitations, and fewer seasonal promotions', 3, '29 May 2025'),
(126, 'In a factory, a worker on the assembly line removes a card from an empty bin to signal the previous station to produce more parts. This pull-based system helps regulate production flow and reduce waste. What type of production control is being used?', 'Kanban system that uses visual signals to authorize production only as needed', 'Material Requirements Planning (MRP) system that schedules production based on forecasts', 'Batch production system that processes large quantities in fixed intervals', 'Continuous flow system where all workstations run at a constant pace regardless of demand', 1, '29 May 2025'),
(127, 'A quality inspector finds 12 defects in 800 units produced. Each unit has 4 opportunities for a defect. What is the DPMO (Defects Per Million Opportunities) for this process?', '2,500', '5,000', '3,750', '6,000', 2, '29 May 2025'),
(128, 'Which of the following is a benefit of using Six Sigma in process management?', 'Tracks supplier locations, delivery times, and contract terms', 'Monitors process performance, compares it to targets, and supports corrective action', 'Analyzes customer reviews, social media trends, and online feedback', 'Standardizes job roles, interview questions, and onboarding tasks', 2, '29 May 2025'),
(129, 'What is a basic assumption of process quality control?', 'All variation in a process is caused by equipment failure', 'Production processes remain perfectly stable unless manually adjusted', 'Quality control is only necessary when customer complaints are received', 'Every process has natural variation, and processes are not always in a state of control', 4, '29 May 2025'),
(130, 'What does the “Six Sigma” standard represent in terms of process variation?', 'A process that allows up to 6% of products to be defective without action', 'A process that guarantees zero defects under all conditions', 'A process that produces no more than 3.4 defects per million opportunities, with output staying within six standard deviations of the mean', 'A process that adjusts specifications after every six production cycles', 3, '29 May 2025'),
(131, 'What does inventory turnover measure in supply chain management?', 'The profit earned on each unit of inventory sold', 'How many times a company sells and replaces its inventory in a given period', 'The number of days it takes for inventory to arrive from a supplier', 'The percentage of inventory written off due to defects or damage', 2, '29 May 2025'),
(132, 'A company has a COGS of $600,000 for the year. Its average inventory during that period is $150,000. What is the company’s inventory turnover ratio?', '4', '2', '3', '6', 1, '29 May 2025'),
(133, 'A small bookstore sells 5,000 notebooks per year. Each time it places an order, it costs $20 in processing and delivery fees. The annual holding cost per notebook is $2. What is the Economic Order Quantity (EOQ) for the bookstore? Round to the nearest whole number.', '100 units', '316 units', '500 units', '707 units', 2, '29 May 2025'),
(134, 'Which of the following best illustrates the Pareto Principle in supply chain management?', '50% of suppliers account for 50% of the purchasing cost', 'All products sell equally and require the same level of attention', 'Inventory is managed using a first-in, first-out rotation strategy', '20% of products typically account for 80% of total sales or inventory value', 4, '29 May 2025'),
(135, 'What is the primary goal of aggregate planning in supply chain management?', 'Forecasting demand to drive long-term capacity expansion decisions', 'Balancing supply and demand by creating a production, staffing, and inventory plan over a medium-term horizon', 'Managing supplier relationships to reduce lead times and improve quality', 'Optimizing transportation routes and modes to lower distribution costs', 2, '29 May 2025');

--
-- Indexes for dumped tables
--

--
-- Indexes for table `examResult`
--
ALTER TABLE `examResult`
  ADD PRIMARY KEY (`exam_id`);

--
-- Indexes for table `examTime`
--
ALTER TABLE `examTime`
  ADD PRIMARY KEY (`quiz_id`);

--
-- Indexes for table `questionAndAnswer`
--
ALTER TABLE `questionAndAnswer`
  ADD PRIMARY KEY (`id`);

--
-- AUTO_INCREMENT for dumped tables
--

--
-- AUTO_INCREMENT for table `examResult`
--
ALTER TABLE `examResult`
  MODIFY `exam_id` int(11) NOT NULL AUTO_INCREMENT, AUTO_INCREMENT=265;

--
-- AUTO_INCREMENT for table `examTime`
--
ALTER TABLE `examTime`
  MODIFY `quiz_id` int(11) NOT NULL AUTO_INCREMENT, AUTO_INCREMENT=270;

--
-- AUTO_INCREMENT for table `questionAndAnswer`
--
ALTER TABLE `questionAndAnswer`
  MODIFY `id` int(11) NOT NULL AUTO_INCREMENT, AUTO_INCREMENT=136;
COMMIT;

/*!40101 SET CHARACTER_SET_CLIENT=@OLD_CHARACTER_SET_CLIENT */;
/*!40101 SET CHARACTER_SET_RESULTS=@OLD_CHARACTER_SET_RESULTS */;
/*!40101 SET COLLATION_CONNECTION=@OLD_COLLATION_CONNECTION */;
